,482780,482813,482846,482847,482885,482886,482887,483059,483504,483542,483902
2020-01-01,6.219233250648221,-1.6151705182396707,11.84268152563974,0.02263716135533933,-1.8143914304579463,1.7672451289610276,8.130602451586896,4.378151236487428,6.578701407326106,0.07212772605003259,3.4327407498735263
2020-01-07,5.029381884804652,-1.2678035676027717,11.115874199883446,0.6078085708555001,-1.795372491650994,1.4411869829232486,7.807442204091422,3.3109556893800978,6.779428411485325,-0.42773157522327665,3.289203269896601
2020-01-13,4.115513547288046,-0.9348197797566389,10.666594183741527,-1.5885374081388317,-1.0670786542423176,1.9756172044183336,7.653193039744527,2.805296578488888,6.038567461307659,-0.5265985415867149,3.392116315154572
2020-01-19,5.853032051525998,-1.0801408755280155,11.206506111565094,1.2471340422526502,-1.5853480572343983,1.3358347364954417,7.8500722399664875,3.4595876325621653,6.873007866141462,-0.6709933273589748,3.491877214755004
2020-01-25,5.633562010281029,-1.1491005886633943,11.536260502733013,1.9817038017237891,-1.4337612782483733,1.5594931673225094,7.983878113217622,2.7413210662358667,6.99104688418336,-1.430269644053853,3.470762475494056
2020-01-31,4.781991206150485,-0.1528364773326496,11.407961657365025,0.6222088818411411,-1.5750261763729414,1.1043168232326197,8.635625994327164,2.3689812688723206,6.663762752980832,-0.5347833470556971,3.269679632389266
2020-02-06,4.531122552180108,-0.5956279210526443,11.141181360067561,-0.7332549259550021,-0.8632673048249844,1.987394843526272,8.086414736668445,3.1154505123697183,5.811427150775687,-0.7360001298204502,3.7261855709892715
2020-02-12,5.00270310067776,-0.4781829881386441,13.494799887543046,1.201972547242896,-1.3530423765802508,0.8705884068144574,7.8406449280660135,4.534163599908647,6.414286745447358,-0.012281090590477106,3.7041408115108374
2020-02-18,4.394354008506886,-0.21044764788886194,13.00707539882755,1.0703789739259992,-0.9713663368489893,0.6058434468448963,7.645949347461374,3.9587721016545707,6.287607709073994,0.03158826739486642,3.7454730528047
2020-02-24,1.4012347001666239,0.0052799565197858556,13.75347056485625,-4.75369718993829,-0.7166859684286777,1.560025294824987,7.196983244603479,4.59311054524796,5.40796288605099,0.780881721685386,3.8618803221245925
2020-03-01,4.52988585289658,0.12825752397931645,14.951001120301404,0.890933489066688,-0.6317468758125582,-0.18812697893941133,10.146112094108393,6.2485599401756495,5.2250388137082755,1.9463445559514394,3.765920132944109
2020-03-07,3.0576088953337894,0.17159836843648169,15.472727429999406,1.4094984585477697,-0.8993211139425217,-0.12136503963007117,9.013117431647782,6.383372093751682,6.157067787528744,2.038751318708549,3.8218585299342798
2020-03-13,-0.1849291362071277,0.31518366523879404,16.24629017985537,-3.2959061931380065,0.011470979739012677,0.41432874922843776,7.1674363394262395,6.070759867087007,5.304149851750632,2.30522296783251,4.038361517651625
2020-03-19,3.4572613026816175,0.7066224141560449,16.21854634633577,4.649880221692634,-0.9722142135574252,-1.5834796615327658,9.712393501345034,6.4650755352273155,7.082658170961205,2.8830566820191876,3.7024538892779844
2020-03-25,3.4983324462628342,0.2692781341501327,15.246119270830295,5.2432628901614216,-0.8689190884416673,-0.6155309836170266,9.3252981638508,3.755337172816292,8.28768429651033,0.6394668287628829,3.79419745803806
2020-03-31,3.9456464688793336,0.047479052027706636,16.04054496875451,5.3306149821316495,-1.1946364288889448,-1.053438775689418,8.430706680352735,2.56550899456324,8.30117373592253,-0.21537803368671504,3.9052548563388156
2020-04-06,3.4017270732043627,1.0044683854001706,15.740988938227478,4.380513846335608,-0.8496389945006344,-1.5810992727930917,9.740772644821956,2.559094382916384,7.810029012534441,1.1948180505008636,3.5401497365166885
2020-04-12,4.225589829126115,1.0028615817492783,14.383519970141345,4.187096851417033,-1.0744109027047033,-1.0586975021914076,9.535058968937125,2.3081371989171595,8.320471632781585,0.981641362418145,3.6761687384341024
2020-04-18,4.878377444008478,0.814676094560995,15.48963913085903,4.184620492053998,-0.8489693475506392,-0.6575616650975298,10.044294773511151,1.8784833977662156,8.437980678093835,0.412912599702123,3.6331618317235965
2020-04-24,5.25980505416201,0.7129092166854454,15.720842326830123,4.286911138566561,-1.1295525007095684,-1.1043028361410152,8.897378258777788,1.7688134628959293,8.472592276583606,0.40027271785082874,3.713221862675765
2020-04-30,4.972611626035027,0.3252054374930111,15.716653062884756,3.8622543992798555,-0.865208914347245,-0.8079173586454971,8.047414460522809,1.773168623073027,8.512077995715698,0.1482420601004275,3.778258945949299
2020-05-06,4.827546197047731,0.2015498715748123,16.241985670238808,3.8587866124967913,-1.1547174911128977,-0.9746107412246845,8.020616225044314,2.059260376813314,8.17065180427871,0.4636603106248973,3.694231748583538
2020-05-12,4.726694496146786,-0.17976172854965533,16.041087198510155,4.401818362449458,-0.9049051389216105,-1.2578716526417222,5.809331997867802,2.401216956977011,8.494884774048883,0.42506656652022734,3.8690402360908904
2020-05-18,3.927017585044414,0.6329743477804515,16.103602989159576,3.468331578561907,-1.1941735660394057,-1.285436443903794,7.725790137112708,2.1425972754379954,8.074003793143936,1.4874085267703716,3.3447979948298214
2020-05-24,4.787587379294015,0.3369628568990546,14.663132092567265,4.082004165733103,-0.8843648409726077,-0.903190023876494,6.438071845531744,1.9573703715064523,8.603273589330795,1.0107744382086494,3.5678173111693607
2020-05-30,5.202033922774662,0.6225610369827779,15.805660905574413,3.6262853967286546,-1.1932615890254619,-1.0397911094250682,7.2186346945187205,1.6631173164494362,8.403110231988384,1.159566772492182,3.330760351673709
2020-06-05,5.305073234161563,0.12146300444789127,15.165913540487287,3.94811728547109,-0.9179395378995547,-0.7124441317086703,5.460172066433823,1.6558541555160229,8.732248524520228,0.6260678180284707,3.5554440217385737
2020-06-11,4.8875075837854425,0.6980218015057735,15.978412143989736,3.470596526975278,-1.224650710093253,-0.9423073022384028,6.807922000621322,1.6691885769311776,8.2648096649246,1.4537223876846888,3.160742444960642
2020-06-17,4.893042446290547,0.998173631215562,14.65026523887888,3.2402449381741913,-0.8835220091171276,-0.740423335194988,6.497454442010329,1.7065047031962886,8.430418111080277,1.8580250212158003,3.1418226608940345
2020-06-23,5.565789485828475,1.2509805877892815,14.832472390001351,3.4949466515010545,-1.1880103514986144,-0.4782528775026966,7.436669604686812,1.406527874219777,8.529458514117172,1.8144656325138406,3.004459765494637
2020-06-29,6.087533496551014,0.9924477314877782,14.845522283142413,3.768341269129051,-0.9212088462887786,-0.37302402773145094,6.200368352307845,1.1927284997317775,8.797629982669212,1.2652923025120675,3.19713575021308
2020-07-05,5.649993695797637,1.3704032238872506,15.40237986022117,3.3597658909157655,-1.204999394435399,-0.3347963222060333,7.2493125353161725,1.176328349950019,8.430016290955978,1.749716806936398,2.961034502626966
2020-07-11,5.574941747987724,1.055326094806058,14.73642382359794,3.945401280749987,-1.0040813519839205,0.2183899881540876,6.7766736818594735,1.331443640070109,8.779660780300754,1.4296981847069787,3.0878924718304943
2020-07-17,5.502174029425571,1.4073097506771122,15.483307551298074,3.4297385859464207,-1.2445987682712287,-0.266583633471023,6.698855639240976,1.2610400987892367,8.465498194996192,1.8155513598346644,3.027587891062702
2020-07-23,5.625306465769583,1.5509615984904288,14.668014846958474,3.7387660836040055,-1.0099661763081809,-0.1580419831564237,6.810950768507452,1.3174319067795786,8.63594194847263,1.999110196191559,3.0592760114282203
2020-07-29,6.065493126086732,1.5546874211072863,14.854932247323728,4.027840450599232,-1.2681279017944886,-0.20232170790220083,6.523504905763104,1.124578366469943,8.673898782806189,1.7825046972790801,3.185295104646538
2020-08-04,6.251063554133365,1.5825748267396298,14.95991579995972,4.163426300233782,-1.0335894100286822,-0.3455116517169676,6.212853149719856,1.096314369267363,8.73202082808106,1.7580646360091965,3.2836529859344235
2020-08-10,6.141861541135434,2.3280103575749385,14.714688752833263,3.301706005541279,-1.2361656764346218,-0.6803496379081113,7.103704682332309,0.956552877437165,8.472891687792801,2.567472625040608,3.1431088337900497
2020-08-16,6.532425550892956,2.2038138242316085,13.77957646517439,3.051159051683989,-0.9760194516675549,0.15905402464394802,7.615497965565006,0.7450805568093619,8.8345594924546,2.120584560770043,3.2976160278365394
2020-08-22,7.172495454616847,2.0187830426548663,14.695945060875363,3.409634030443474,-1.3034864474596475,0.1997580152683205,7.950074390448386,0.5557957986315438,8.858517615163125,1.6662946000810699,3.405361893845345
2020-08-28,6.834573902050677,1.5708057181123243,14.72235229187807,3.123167649117512,-1.1289957541458664,0.5312358916364599,7.61156061141098,0.6073399063520526,8.969987478839029,1.2495353628951964,3.572826161136702
2020-09-03,6.667865377377376,1.303977882519388,14.952808328321208,3.074756421791056,-1.4360576418884436,0.2608994163344982,7.039317052343159,0.7251688096364326,8.83572951478566,1.1803721522320316,3.726593887382722
2020-09-09,6.341908976079649,1.6039593447956042,14.58227796782574,2.4340873141415376,-1.1699370127926807,-0.01776325410500723,7.726974037365431,0.9357989804295821,8.521060399499087,1.8771409043121494,3.6641580057121526
2020-09-15,6.3822290631174,1.8245571649548138,13.641945850372379,1.9556274726092333,-1.4139171300770883,0.32427197327811186,8.603024183641846,0.9139107021053698,8.658966307095708,2.1434832466075857,3.6530973864641587
2020-09-21,7.190055373251843,1.2325853223883625,13.482029715856779,1.9156610139999959,-1.2035689230230746,0.8368353530277792,8.270594668607842,0.573982613590533,9.0189044834612,1.1448500934847754,3.937321211477037
2020-09-27,7.176475346136984,0.5199318630392122,14.29697688376653,1.23975969744024,-1.4880319105842288,0.813078751653566,7.07302008572493,0.5920525180066569,8.936180224321598,0.44410354802970353,4.213510593963418
2020-10-03,6.693003246118595,0.6492104889425319,14.196054533842618,1.2922690436496609,-1.2824205386082008,0.3158317114614513,7.484961294892433,0.956935136807739,8.577644099995533,1.1535356575561995,4.10892456878276
2020-10-09,5.972967566707389,0.3134965842331843,13.074590802109212,-0.18394509713812113,-1.4520365291665351,1.083336532439855,7.494154778491949,1.17705719014742,8.510813625165001,1.08418583463388,4.228105563799755
2020-10-15,6.626310829147652,-0.21838373140699918,13.492814765859537,0.5067676282354885,-1.299895939735575,1.0754457275829425,7.629815115549239,1.500784736190063,8.57314517716391,0.7230609467776734,4.336597636923393
2020-10-21,6.113036474711466,0.19569205052987204,13.279118900321608,-0.3028123963220519,-1.5476605683783706,0.7676033238284923,8.432093550874104,1.5514573289067917,8.356980295862838,1.4506093359757148,4.113830197515467
2020-10-27,6.706591413138964,-0.37108736946712284,11.933224005831953,-0.399614253474196,-1.2274338810857666,1.235891669779856,7.6424079914601935,1.426578910188936,8.581588301034019,0.7503474064348161,4.413314650001071
2020-11-02,6.0209670196889125,0.07149572181685038,12.940639846543508,-2.37073201530516,-1.292168544401063,1.1427650764728554,8.907056160284583,1.8094426084281308,7.787927194139018,1.6192253639863132,4.172391386844756
2020-11-08,6.666447349548351,-0.4695496989338741,11.639789477758605,-1.033268666948544,-1.2167741211617855,1.9032365163347613,9.82474976992241,2.2595360020442525,8.483757096865775,1.2100074690106677,4.198895506888679
2020-11-14,7.2497287366583905,-0.4718688492225054,12.240075642675416,-0.8855103726365829,-1.5118945837484548,1.3602351180646775,9.415715413567245,1.7083079315569307,8.629382334817732,0.8204782283166132,4.17678828171468
2020-11-20,7.356185427497005,-1.3601672677720948,11.364539650309279,-0.39664914712851207,-1.286868547779802,1.8251951230861128,7.809643857270843,1.4209077306146947,8.935359254724007,-0.36229548184951277,4.497873565019301
2020-11-26,6.711345348203691,-1.124507719917892,12.139051207639872,-1.0135411040239664,-1.5604058480839056,1.4547152454171428,8.466704010756857,1.6488311545382874,8.470586856819926,0.1693943247944425,4.241702420792821
2020-12-02,6.330192630100152,-1.5071777280342094,10.63923310670732,-0.8495946122407467,-1.391526202388393,2.2518318782423323,8.516294040432218,1.7979213928399354,8.81609116353962,-0.19642805075782022,4.271993813256227
2020-12-08,6.6810567231578855,-1.6370957438288931,11.151364919560535,-0.7770526342503121,-1.6267892210093313,1.9417050320452,7.914911674083155,1.7169280019351927,8.67554525291911,-0.5001499144497181,4.3293421029326975
2020-12-14,6.343445063483738,-1.220056943409995,10.655443527985542,-0.9879641790712821,-1.3699752999382513,1.8848236884280256,8.687769151718651,1.8802439758048788,8.467699899788611,0.055191707462899586,4.134837783348157
2020-12-20,6.8521537420510175,-1.05762534486617,9.907022026945235,-1.1862915477222327,-1.51711274763717,1.9582386956637299,8.604720402322808,1.8764403675045838,8.498271918702946,0.025112086346711138,4.202331524114689
2020-12-26,5.200230174883931,-1.5113936129704886,10.552989824321603,-6.885200105011345,-0.9281401075735438,2.957337015094959,6.496111696061706,2.237305172525991,8.164833731433541,-0.5030285783719144,4.5431073842630685
