date,T_0,T_1,W_0,W_1,inter_0,inter_1,W_diff,T_diff,const,trend
2021-02-17,0.29734544184421935,0.2426892499135845,0.8673571667223549,0.9096219931271565,0.32797990318071363,0.2601407744906626,0.5972540045766981,0.2010666666666667,1.0,0.0
2021-02-19,0.27202235417394344,0.30535776011061183,0.8453057133310982,0.8670103092783515,0.29241953073435756,0.31198244693136284,0.4645308924485718,0.42666666666666664,1.0,0.01098901098901099
2021-02-28,0.2759343346140412,0.24887659868648462,0.6658870698296019,0.6735395189003504,0.2336653423201641,0.1975350116530559,0.40503432494282865,0.2714666666666667,1.0,0.02197802197802198
2021-03-03,0.3140761439049948,0.29671621154510885,0.662545940527901,0.670103092783515,0.26462990704157086,0.23430407122010966,0.40503432494282865,0.29742222222222225,1.0,0.03296703296703297
2021-03-11,0.3459657701711492,0.2646042170757,0.6658870698296019,0.6666666666666797,0.29296901464319314,0.20787508486083234,0.3592677345538555,0.13368888888888894,1.0,0.04395604395604396
2021-03-15,0.2285015717778554,0.20843415139993085,0.7560975609756033,0.7158075601374602,0.21971262132556285,0.17581749847775496,0.06864988558358981,0.28817777777777775,1.0,0.05494505494505495
2021-03-22,0.22340202584701366,0.2506049083995852,0.7427330437687995,0.7766323024055081,0.2110123283411914,0.2293516982663924,0.5652173913043648,0.4096000000000001,1.0,0.06593406593406594
2021-03-27,0.27055536150890674,0.40114068441064643,0.652522552622779,0.6563573883161542,0.22451204604522035,0.3102658855971067,0.3821510297483421,0.676711111111111,1.0,0.07692307692307693
2021-04-02,0.26838980090813835,0.5247148288973384,0.652522552622779,0.6621993127147782,0.22271502218067046,0.40945766057068567,0.4210526315789953,1.0,1.0,0.08791208791208792
2021-04-08,0.17073000349283968,0.11365364673349464,0.652522552622779,0.6563573883161542,0.14167504274064513,0.0879064396245831,0.3821510297483421,0.19146666666666665,1.0,0.09890109890109891
2021-04-13,0.19269996507160322,0.170549602488766,0.8062145005011744,0.7628865979381472,0.1975696441729214,0.15332311503978896,0.0389016018306532,0.2818666666666667,1.0,0.1098901098901099
2021-04-20,0.4159622773314705,0.41306602143104043,0.740394253257605,0.7766323024055081,0.3916561614198382,0.37803486817701926,0.5812356979405314,0.3373333333333333,1.0,0.1208791208791209
2021-04-24,0.3148096402375131,0.3256481161424127,0.686936184430333,0.6965635738831705,0.27501247413807983,0.2673044981488126,0.41418764302067534,0.36995555555555565,1.0,0.13186813186813187
2021-05-02,0.3159622773314705,0.40214310404424475,0.6592048112262,0.6735395189003504,0.26487659229566046,0.31918365632939616,0.45080091533180183,0.5637333333333333,1.0,0.14285714285714288
2021-05-05,0.27638840377226687,0.39509160041479435,0.6458402940193771,0.6539518900343655,0.22700369771133708,0.3044672139752667,0.4118993135011486,0.6463111111111112,1.0,0.15384615384615385
2021-05-14,0.5241005937827454,0.538368475630833,0.6057467423989279,0.6185567010309264,0.4037325043173239,0.392424465114325,0.45080091533180183,0.38435555555555556,1.0,0.16483516483516486
2021-05-16,0.4572825707300035,0.438299343242309,0.5957233544938061,0.6048109965635851,0.34643140216909823,0.3123830320336562,0.42791762013744533,0.2970666666666667,1.0,0.17582417582417584
2021-05-26,0.41348236115962284,0.38745247148288975,0.652522552622779,0.6391752577319579,0.34311562110551497,0.2918336237848276,0.26773455377577915,0.2777777777777778,1.0,0.18681318681318682
2021-05-27,0.4082431016416347,0.41956446595229874,0.6769127965252302,0.6597938144329895,0.35143058525238263,0.32621496210132905,0.2379862700228425,0.37368888888888896,1.0,0.19780219780219782
2021-06-07,0.6271393643031784,0.5947113722779122,0.6224523889074516,0.633333333333334,0.49643018002191136,0.4438492871690432,0.43478260869563523,0.26702222222222216,1.0,0.2087912087912088
2021-06-18,1.0,0.9935015554787419,0.6090878717006288,0.615120274914091,0.774582941713188,0.720154254239544,0.40503432494282865,0.3436444444444446,1.0,0.2197802197802198
2021-06-19,0.9605309116311561,1.0,0.6090878717006288,0.615120274914091,0.7440108591377111,0.724864747587155,0.40503432494282865,0.46079999999999993,1.0,0.23076923076923078
2021-06-29,0.7863429968564444,0.8486000691323885,1.0,1.0,1.0,1.0,0.2906178489702657,0.5147555555555554,1.0,0.2417582417582418
2021-07-01,0.5406915822563745,0.6491531282405808,0.9532241897761489,0.9989690721649533,0.6554395441626965,0.7641808218027628,0.604118993135018,0.6270222222222223,1.0,0.2527472527472528
2021-07-10,0.7137268599371289,0.6717594192879365,0.8138990978950827,0.8443298969072266,0.7387382475186834,0.6683791126881892,0.5286041189932383,0.24479999999999996,1.0,0.26373626373626374
2021-07-13,0.7444289207125393,0.7627722087798133,0.7494153023722013,0.782474226804132,0.7094695660044742,0.7033343691603576,0.5583524027460448,0.4007111111111112,1.0,0.27472527472527475
2021-07-21,0.6713587146349983,0.6491531282405808,0.8763782158369512,0.9611683848797256,0.7482283874473432,0.7352644508367108,0.878718535469117,0.29448888888888897,1.0,0.28571428571428575
2021-07-25,0.7725113517289557,0.7207051503629451,0.542265285666553,0.6357388316151227,0.5327269276900969,0.5399248325529657,1.0,0.2210666666666667,1.0,0.2967032967032967
2021-08-01,0.6496681802305275,0.67044590390598,0.46541931172735534,0.46735395189003504,0.38452446133917334,0.3692381772244041,0.40503432494282865,0.40444444444444433,1.0,0.3076923076923077
2021-08-06,0.6765979741529864,0.6619426201175251,0.46541931172735534,0.46735395189003504,0.4004636204624262,0.36455511929507833,0.40503432494282865,0.31404444444444474,1.0,0.3186813186813187
2021-08-12,0.7506811037373385,0.7135153819564466,0.46541931172735534,0.46838487972508175,0.44431181306997386,0.39382487524583043,0.4118993135011486,0.25813333333333316,1.0,0.3296703296703297
2021-08-18,0.4680424574067605,0.5143449706187349,0.45873705312395346,0.45704467353952904,0.3135861403221424,0.27701933777059845,0.3821510297483421,0.356638024691358,1.0,0.34065934065934067
2021-08-23,0.6298987076493189,0.6962322848254408,0.44971600400935713,0.4536082474226937,0.36024423294562014,0.3721620089445172,0.4210526315789953,0.5210666666666666,1.0,0.3516483516483517
2021-08-30,0.6233321690534405,0.5797096439681991,0.45873705312395346,0.4501718213058388,0.363639739263984,0.3075287826932881,0.33638443935923884,0.23813333333333336,1.0,0.3626373626373627
2021-09-03,0.6824310164163465,0.6078119599032147,0.48546608753758,0.48453608247423124,0.42131374842576463,0.3470502026161663,0.3821510297483421,0.16000000000000006,1.0,0.37362637362637363
2021-09-11,0.7192455466294096,0.7480815762184584,0.4921483461410009,0.4948453608247568,0.45015407736576596,0.43622986961178767,0.40503432494282865,0.42702222222222225,1.0,0.38461538461538464
2021-09-23,0.58679706601467,0.502799861735223,0.4620781824256544,0.46735395189003504,0.34481914737045233,0.27690959609745214,0.42791762013731527,0.13333333333333333,1.0,0.39560439560439564
2021-09-25,0.6330771917568984,0.6260974766678189,0.4553959238222525,0.46048109965636436,0.36663488292445817,0.3397431428951417,0.42791762013731527,0.3326222222222223,1.0,0.40659340659340665
2021-10-05,0.494411456514146,0.49343242309021773,0.4353491480120279,0.4364261168384975,0.2737248341007531,0.25376712089081677,0.40503432494282865,0.3443555555555556,1.0,0.4175824175824176
2021-10-06,0.45190359762486904,0.49965433805737985,0.4353491480120279,0.4364261168384975,0.2501908798018752,0.2569669865132579,0.40503432494282865,0.46853333333333325,1.0,0.4285714285714286
2021-10-17,0.3132029339853301,0.3040442447286554,0.4754426996324772,0.4948453608247568,0.18937034991357984,0.17729775127554218,0.5194508009153916,0.31848888888888893,1.0,0.4395604395604396
2021-10-29,0.506182326231226,0.46723124783961284,0.5589709321750768,0.5749140893470748,0.35981907116249334,0.3165423114339882,0.48054919908460836,0.24702222222222223,1.0,0.45054945054945056
2021-11-08,0.3418791477471184,0.3744901486346353,0.6291346475108535,0.5910652920962243,0.27352951316289403,0.26083915986030526,0.107551487414243,0.42666666666666664,1.0,0.46153846153846156
2021-11-10,0.2268948655256724,0.30449360525406155,0.6458402940193771,0.6563573883161542,0.18635359791897455,0.23551332927401233,0.42791762013731527,0.5392888888888889,1.0,0.47252747252747257
2021-11-19,0.3987775061124694,0.3451088835119253,0.6435015035081827,0.6676975945017264,0.3263384118310719,0.27153942091671024,0.5194508009153916,0.20631111111111117,1.0,0.4835164835164836
2021-11-22,0.18005588543485856,0.30449360525406155,0.6692281991313028,0.6470790378006949,0.15323907815581514,0.23218408325809864,0.20594965675063936,0.6584888888888889,1.0,0.4945054945054945
2021-11-30,0.25965770171149144,0.12720359488420324,0.652522552622779,0.6769759450171857,0.21546895821071108,0.10147745326530523,0.5194508009153916,0.0,1.0,0.5054945054945056
2021-12-04,0.1868669228082431,0.14376080193570687,0.9632475776812517,0.9690721649484625,0.2289066113176696,0.16416990362609593,0.33638443935936896,0.2278222222222223,1.0,0.5164835164835165
2021-12-11,0.10988473629060426,0.15326650535776012,0.9632475776812517,0.9793814432989685,0.13460564471128758,0.17688705986100312,0.40503432494282865,0.4481777777777778,1.0,0.5274725274725275
2021-12-16,0.3279077890324834,0.34020048392671964,0.5833611760775088,0.6048109965635851,0.24326365748748066,0.24246638811318955,0.5125858123570717,0.37404444444444446,1.0,0.5384615384615385
2021-12-22,0.0,0.0,0.4553959238222525,0.4718213058419366,0.0,0.0,0.503432494279225,0.3336888888888889,1.0,0.5494505494505495
2021-12-28,0.3360461054837583,0.2596958174904943,0.428666889408607,0.43298969072166216,0.18319211757652054,0.13250719129905694,0.42791762013744533,0.14631111111111111,1.0,0.5604395604395604
2022-01-02,0.41100244498777505,0.46145869339785694,0.6224523889074516,0.6161512027491378,0.3253407924432098,0.3350557456904681,0.32036613272307224,0.47440000000000015,1.0,0.5714285714285715
2022-01-09,0.18323436954243802,0.1473556861389561,0.776144336785828,0.8134020618556695,0.18085786837731327,0.14124370630104763,0.5812356979405314,0.24631111111111115,1.0,0.5824175824175825
2022-01-13,0.12399580859238563,0.1329415831316972,0.8329435349148009,0.8360824742268139,0.13134409225547652,0.1309805782434349,0.3432494279176889,0.36000000000000004,1.0,0.5934065934065934
2022-01-21,0.15179881243450927,0.1634980988593156,0.7627798195790052,0.7628865979381472,0.14725008199219813,0.14698385369643327,0.33638443935936896,0.3678222222222222,1.0,0.6043956043956045
2022-01-24,0.18861334264757249,0.22571724853093672,0.6926161042432284,0.7123711340206248,0.16613187771125273,0.18948201650324561,0.4805491990847384,0.43413333333333337,1.0,0.6153846153846154
2022-02-02,0.26720223541739435,0.22194953335637743,0.7517540928833959,0.7010309278350526,0.2554487989409665,0.18335314002561598,0.0,0.22444444444444445,1.0,0.6263736263736264
2022-02-04,0.2587844917918268,0.2874870376771518,0.8138990978950827,0.8213058419244064,0.267853170004205,0.2782403538609079,0.3752860411900221,0.41440000000000005,1.0,0.6373626373626374
2022-02-14,0.3376528117359413,0.22744555824403734,0.8686936184430238,0.9185567010309206,0.3730138679646742,0.2461956453272284,0.6475972540045946,0.05928888888888895,1.0,0.6483516483516484
2022-02-15,0.27638840377226687,0.3445212582094711,0.8229201470096791,0.8821305841924347,0.2892447529555186,0.35813423758232166,0.7185354691075809,0.5162666666666667,1.0,0.6593406593406594
2022-02-26,0.15298637792525324,0.15744901486346352,0.5489475442699548,0.5670103092783574,0.10680008190389562,0.10520293111050581,0.4965675057209051,0.34924444444444447,1.0,0.6703296703296704
2022-03-09,0.25745721271393646,0.23017628759073624,0.457734714333447,0.46151202749141107,0.1498673024186842,0.12518161267068456,0.4187643020594686,0.2704,1.0,0.6813186813186813
2022-03-10,0.2871463499825358,0.2651572761838922,0.4553959238222525,0.4594501718213177,0.16629546882879837,0.14356180317887285,0.4210526315789953,0.28480000000000005,1.0,0.6923076923076924
2022-03-20,0.3181627663290255,0.3185966125129623,0.39859672569327953,0.4054982817869404,0.16127648799982602,0.15223941601752464,0.45080091533180183,0.3432888888888889,1.0,0.7032967032967034
2022-03-22,0.41697520083828155,0.4191151054268925,0.39191446708987765,0.3917525773195991,0.2078210326530875,0.19348268839104438,0.40503432494282865,0.350311111111111,1.0,0.7142857142857143
2022-03-31,0.23010827803003844,0.3533010715520221,0.3952555963915786,0.39415807560138777,0.1156640105284822,0.1641014130640238,0.3981693363845087,0.6566222222222222,1.0,0.7252747252747254
2022-04-03,0.1369542438002096,0.09045973038368475,0.40862011359840134,0.4054982817869404,0.0711677459876219,0.04322562132123923,0.382151029748212,0.2177777777777778,1.0,0.7362637362637363
2022-04-11,0.34449877750611246,0.24832353957829245,0.6969595723354548,0.7560137457044764,0.3053396820479096,0.22123025454749326,0.7414187643020675,0.09555555555555557,1.0,0.7472527472527473
2022-04-15,0.36632902549772967,0.5727964051157968,0.6558636819244801,0.6769759450171857,0.30554338808794684,0.45695186903787316,0.4965675057209051,0.8744,1.0,0.7582417582417583
2022-04-22,0.4590289905693329,0.4363982025578984,0.5957233544938061,0.5979381443298949,0.34775446740805754,0.3074936485606894,0.3821510297483421,0.28773333333333334,1.0,0.7692307692307693
2022-04-27,0.4431714984282222,0.40387141375734537,0.6114266622118233,0.615120274914091,0.3445911913180657,0.29275215039088553,0.38901601830666205,0.24444444444444444,1.0,0.7802197802197803
2022-05-03,0.5117010129235069,0.5084341513999309,0.6057467423989279,0.6140893470790444,0.39418068565470143,0.3679283179709028,0.4210526315789953,0.33893333333333336,1.0,0.7912087912087913
2022-05-09,0.6259517988124345,0.5389561009332872,0.5933845639826306,0.6013745704467303,0.4723512979670733,0.3819402159839274,0.4210526315788652,0.12666666666666673,1.0,0.8021978021978022
2022-05-14,0.6117010129235068,0.5661942620117525,0.5756765786836004,0.5841924398625535,0.4478223214358767,0.38977890692255096,0.42791762013731527,0.2329777777777778,1.0,0.8131868131868133
2022-05-21,0.5798113866573525,0.7014172139647425,0.5689943200801796,0.5704467353951927,0.4195489589717489,0.4715073382745113,0.3821510297483421,0.6618666666666668,1.0,0.8241758241758242
2022-05-25,0.5953894516241705,0.5651572761838922,0.5656531907784786,0.5704467353951927,0.42829140008039557,0.379910554937328,0.40503432494282865,0.27182222222222235,1.0,0.8351648351648352
2022-06-02,0.5360111770869718,0.5199446940891809,0.5489475442699548,0.5567010309278319,0.3741904239491284,0.3410955970352932,0.42791762013731527,0.30666666666666675,1.0,0.8461538461538463
2022-06-05,0.6753056234718826,0.7228828206014518,0.5379218175743455,0.5463917525773259,0.4619633287870295,0.4654456505763591,0.43478260869563523,0.47404444444444443,1.0,0.8571428571428572
2022-06-14,0.6099545930841775,0.5898029726927065,0.5155362512529265,0.522336769759459,0.39989381937679813,0.363040012317949,0.42791762013731527,0.29813333333333325,1.0,0.8681318681318682
2022-06-26,0.7060076842472931,0.8022468026270307,0.456398262612759,0.4639175257731997,0.4097711580949539,0.4385768576647736,0.44393592677348187,0.5999999999999999,1.0,0.8791208791208792
2022-06-27,0.6411107230178135,0.7090563428966471,0.4520547945205516,0.4580756013745757,0.36856330801868803,0.3827496868023084,0.43478260869563523,0.5255111111111112,1.0,0.8901098901098902
2022-07-08,0.6709395738735592,0.6384721742136191,0.3541597059806228,0.36185567010310826,0.30218335149388276,0.2722540155794099,0.4645308924485718,0.2680888888888889,1.0,0.9010989010989011
2022-07-19,0.9966468739084876,0.8719322502592465,0.24156364851320228,0.2474226804123784,0.30616875346136513,0.25422554433410366,0.4736842105262884,0.03955555555555574,1.0,0.9120879120879122
2022-07-20,0.9483059727558505,0.9966816453508469,0.23154026060808044,0.2371134020618724,0.2792305812423659,0.2784899321813454,0.47368421052641846,0.48337777777777785,1.0,0.9230769230769231
2022-07-30,0.7780300384212364,0.7624956792257173,0.15135315736718186,0.14776632302405607,0.14975310177914872,0.13277300690784738,0.42791762013731527,0.3144888888888891,1.0,0.9340659340659342
2022-08-01,0.7741180579811388,0.793881783615624,0.14801202806548092,0.1408934707903854,0.14571094825279854,0.13180856796915608,0.40503432494282865,0.4051555555555557,1.0,0.9450549450549451
2022-08-10,0.8388753056234719,0.7930176287590737,0.10791847644503161,0.106529209621993,0.11512806151025291,0.09955165487363599,0.45080091533180183,0.23813333333333336,1.0,0.9560439560439561
2022-08-13,0.8772965420887182,0.8687867265814034,0.09355162044770236,0.08934707903781633,0.1043724093095074,0.09147248409517213,0.4347826086957653,0.3351999999999999,1.0,0.9670329670329672
2022-08-21,0.7316101990918618,0.7607673695126167,0.042098229201462264,0.04020618556701637,0.03916801442961083,0.0360447225313427,0.45995423340964847,0.42817777777777766,1.0,0.9780219780219781
2022-08-25,0.915578064966818,0.9109920497753198,0.0,0.0,0.0,0.0,0.48054919908460836,0.346311111111111,1.0,0.989010989010989
