date,W_0,W_1,W_2,W_3,T2_0,T2_1,T2_2,T2_3
2017-11-17,302.64,303.36,303.9,304.49,7.698,8.529,8.529,7.011
2017-11-19,300.24,301.56,302.64,303.36,5.294,3.629,7.698,8.529
2017-11-28,284.04,284.04,284.04,284.04,5.294,5.13,5.294,6.222
2017-12-01,284.04,284.04,284.04,284.04,2.059,2.059,4.501,5.294
2017-12-09,284.04,284.04,284.04,284.04,2.059,4.157,5.788,7.25
2017-12-13,284.04,284.04,284.04,284.04,2.059,2.434,3.791,2.248
2017-12-20,284.04,284.04,284.04,284.04,5.83,3.133,2.059,2.059
2017-12-25,284.04,284.04,284.04,284.04,6.373,6.373,6.373,9.529
2017-12-31,284.04,284.04,284.04,284.04,10.823,5.813,3.137,5.038
2018-01-06,284.04,284.04,284.04,284.04,5.245,9.543,7.233,6.903
2018-01-11,284.04,284.04,284.04,284.04,7.694,7.298,4.791,3.953
2018-01-18,284.04,284.04,284.04,284.04,3.892,3.137,4.667,3.137
2018-01-22,284.04,284.04,284.04,284.04,4.598,3.137,3.137,3.137
2018-01-30,284.04,284.04,284.04,284.04,5.784,9.608,7.289,6.373
2018-02-02,284.04,284.04,284.04,284.04,3.137,3.524,6.056,5.784
2018-02-11,284.04,284.04,284.04,284.04,3.137,1.634,-1.821,-2.325
2018-02-13,284.04,284.04,284.04,284.04,1.234,2.796,3.137,1.634
2018-02-23,284.04,284.04,284.04,284.04,0.778,0.464,1.879,1.872
2018-02-24,284.04,284.04,284.04,284.04,-0.044,0.778,0.464,1.879
2018-03-07,284.04,284.04,284.04,284.04,7.548,6.957,7.491,6.285
2018-03-18,284.04,284.04,284.04,284.04,-0.098,0.52,7.84,8.133
2018-03-19,284.04,284.04,284.04,284.04,0.971,-0.098,0.52,7.84
2018-03-29,284.04,284.04,284.04,284.04,6.368,7.521,7.696,8.828
2018-03-31,284.04,284.04,284.04,284.04,9.484,8.163,6.368,7.521
2018-04-09,284.04,284.04,284.04,284.04,16.117,16.842,15.333,8.383
2018-04-12,284.04,284.04,284.04,284.04,13.283,13.337,16.548,16.117
2018-04-20,284.04,284.04,284.04,284.04,20.421,20.943,18.619,15.16
2018-04-24,284.04,284.04,284.04,284.04,12.783,16.952,19.255,19.824
2018-05-01,,284.04,284.04,284.04,9.448,14.77,15.892,14.805
2018-05-06,,,,,18.909,16.454,13.533,13.456
2018-05-12,,,,,19.352,15.173,15.557,20.976
2018-05-18,,,,,14.533,14.98,16.903,18.622
2018-05-23,,,,,19.812,20.001,20.077,17.283
2018-05-30,,,,,24.032,22.162,23.708,23.027
2018-06-03,,,,,21.495,19.898,20.655,22.735
2018-06-11,,,,,20.626,23.32,24.677,21.439
2018-06-14,,,,,15.775,15.481,17.698,20.626
2018-06-23,,,,,14.699,13.304,17.943,23.998
2018-06-25,,,,,17.186,15.373,14.699,13.304
2018-07-05,,,,,22.059,22.792,21.79,20.969
2018-07-17,,,,,22.785,22.443,21.217,21.185
2018-07-29,,,,,22.839,22.789,27.157,27.923
2018-08-08,,,,,24.436,27.254,24.066,24.668
2018-08-10,,,,,19.111,21.405,24.436,27.254
2018-08-19,,,,,20.57,19.226,19.77,21.888
2018-08-22,,,,,24.546,23.596,20.828,20.57
2018-08-30,,,,,18.314,19.972,19.403,17.694
2018-09-03,,,,,18.833,17.136,14.912,15.726
2018-09-10,,,,,17.056,18.233,14.562,15.633
2018-09-15,,,,,15.294,14.825,15.559,19.815
2018-09-21,,,,,18.408,20.693,21.349,22.005
2018-09-27,,,,,14.483,10.448,9.734,11.014
2018-10-02,,,,,9.37,10.199,10.14,9.206
2018-10-09,,,,,12.958,10.884,12.607,15.863
2018-10-13,,,,,20.666,20.147,18.779,15.225
2018-10-21,,,,,9.85,10.041,15.708,15.025
2018-10-24,,,,,11.765,7.631,8.365,9.85
2018-11-02,,,,,10.686,10.127,9.215,5.323
2018-11-04,,,,,6.633,4.73,10.686,10.127
2018-11-14,,,,,8.534,11.765,13.324,11.765
2018-11-15,,,,,6.197,8.534,11.765,13.324
2018-11-26,,,,,5.294,5.294,3.609,3.002
2018-12-07,,,,,10.825,9.37,3.254,7.734
2018-12-08,,,,,7.992,10.825,9.37,3.254
2018-12-18,,,,,4.757,3.42,1.522,1.522
2018-12-20,,,,,7.992,6.231,4.757,3.42
2018-12-29,,,,,4.997,2.708,3.005,2.36
2019-01-01,,,,,7.543,7.992,7.992,4.997
2019-01-09,,,,,4.757,7.309,4.757,4.757
2019-01-13,,,,284.04,6.754,4.757,2.744,1.69
2019-01-20,,,296.48,,-1.929,-0.44,2.081,4.757
2019-01-25,,297.82,,297.52,-0.768,-1.714,-0.503,-3.176
2019-01-31,,299.32,,298.54,0.657,1.522,2.757,4.757
2019-02-06,,300.16,,,4.407,1.522,1.522,1.522
2019-02-11,300.93,,300.31,,4.218,7.741,7.992,7.992
2019-02-18,,,,300.0,9.574,8.732,8.664,7.397
2019-02-22,,300.46,,300.19,10.223,7.566,7.059,8.606
2019-03-02,,300.8,,300.75,8.626,9.621,8.813,9.925
2019-03-05,300.86,,,,6.238,8.631,10.686,8.626
2019-03-14,,300.92,,300.98,7.451,7.451,5.885,4.216
2019-03-16,,301.18,,300.92,9.028,8.936,7.451,7.451
2019-03-26,,301.22,,301.04,7.992,6.025,9.235,9.084
2019-03-27,301.31,,301.22,,6.092,7.992,6.025,9.235
2019-04-07,,301.59,,301.51,,,,
2019-04-18,301.72,,301.71,,,,,
2019-04-19,,301.72,,301.71,,,,
2019-04-29,,,,301.71,,,,
2019-05-01,,301.71,,,,,,
2019-05-10,301.65,,301.66,,,,,
2019-05-13,,,,301.65,,,,
2019-05-21,,301.7,,301.62,,,,
2019-05-25,,301.59,,301.61,,,,
2019-06-01,301.56,,301.57,,,,,
2019-06-06,,301.46,,301.49,,,,
2019-06-12,,301.24,,,,,,
2019-06-18,,301.31,,301.27,,,,
2019-06-23,,,301.28,,,,,
2019-06-30,,301.08,,301.11,,,,
2019-07-04,,300.98,,301.02,,,,
2019-07-12,,300.83,,300.87,,,,
2019-07-24,,300.64,,,,,,
2019-07-26,,300.64,,300.64,,,,
2019-08-05,,,,300.45,,,,
2019-08-06,300.43,,,,,,,
2019-08-17,,300.25,,300.27,,,,
2019-08-28,300.08,,300.1,,,,,
2019-08-29,,300.08,,300.1,,,,
2019-09-10,,299.9,,299.94,12.657,,,
2019-09-19,299.82,,299.85,,9.392,9.854,12.246,13.654
2019-09-22,,299.76,,299.82,18.438,13.483,10.117,9.392
2019-09-30,,,,299.69,12.592,13.492,13.142,14.338
2019-10-04,299.86,299.86,299.85,299.86,9.246,9.342,9.575,13.55
2019-10-11,299.99,299.957,299.907,299.88,12.492,10.146,10.867,11.529
2019-10-16,300.06,300.04,300.037,300.03,11.925,15.138,17.375,17.354
2019-10-22,300.633,300.44,300.27,300.2,10.071,12.404,10.925,10.829
2019-10-28,301.0,300.98,300.95,300.91,4.625,9.342,14.667,13.2
2019-11-02,301.04,301.02,301.02,301.02,11.858,5.579,1.917,2.342
2019-11-09,301.55,301.453,301.34,301.22,3.292,3.854,6.329,7.188
2019-11-13,301.8,301.73,301.68,301.62,3.171,3.439,3.021,1.371
2019-11-21,302.29,302.32,302.023,301.877,0.571,1.525,3.188,2.958
2019-11-24,301.62,301.907,302.13,302.29,4.446,4.013,3.992,0.571
2019-12-03,301.867,301.833,301.747,301.597,4.45,1.358,-0.796,0.775
2019-12-05,301.877,301.887,301.867,301.833,-0.396,0.954,4.45,1.358
2019-12-15,301.417,301.393,301.477,301.69,5.167,3.392,2.021,2.529
2019-12-16,301.517,301.417,301.393,301.477,6.096,5.167,3.392,2.021
2019-12-27,302.32,302.15,301.877,301.69,2.575,3.929,5.858,5.875
2020-01-07,302.32,302.23,302.16,302.1,3.833,3.163,4.254,3.996
2020-01-08,302.357,302.32,302.23,302.16,6.525,3.833,3.163,4.254
2020-01-18,301.52,301.63,301.617,301.613,3.163,7.038,5.113,9.125
2020-01-20,301.253,301.39,301.52,301.63,1.817,2.138,3.163,7.038
2020-01-29,301.57,301.6,301.543,301.51,2.596,3.483,5.221,1.729
2020-02-01,301.41,301.41,301.433,301.57,9.179,9.683,4.508,2.596
2020-02-09,301.41,301.37,301.33,301.473,8.129,4.529,3.075,2.588
2020-02-13,301.63,301.567,301.51,301.447,2.421,3.129,3.079,6.129
2020-02-20,301.297,301.24,301.167,301.293,5.238,3.542,4.983,6.342
2020-02-25,301.793,302.16,301.407,301.38,6.096,4.792,7.704,6.054
2020-03-02,301.53,301.27,301.0,300.98,3.2,4.783,5.9,1.996
2020-03-08,301.077,301.2,301.32,301.45,5.4,4.438,3.292,3.883
2020-03-13,301.61,301.443,300.757,300.74,5.242,8.404,9.883,7.167
2020-03-24,301.883,301.883,301.88,301.86,3.471,3.388,3.583,4.754
2020-04-01,301.79,301.81,301.83,301.837,3.358,3.646,1.225,1.717
2020-04-04,301.73,301.75,301.77,301.79,6.183,6.963,4.008,3.358
2020-04-13,301.45,301.48,301.52,301.55,7.883,14.921,12.179,11.788
2020-04-15,301.41,301.41,301.45,301.48,8.417,5.092,7.883,14.921
2020-04-25,301.42,301.42,301.423,301.427,9.933,13.496,14.829,14.629
2020-04-26,301.42,301.42,301.42,301.423,10.975,9.933,13.496,14.829
2020-05-18,301.48,301.49,301.49,301.493,14.383,12.179,10.229,8.467
2020-05-19,301.48,301.48,301.49,301.49,15.4,14.383,12.179,10.229
2020-05-29,301.43,301.44,301.45,301.45,14.342,14.421,15.646,13.221
2020-05-31,301.42,301.43,301.43,301.44,14.358,14.929,14.342,14.421
2020-06-09,301.387,301.39,301.4,301.4,12.921,12.704,12.146,11.075
2020-06-12,301.37,301.38,301.38,301.387,18.904,14.696,13.754,12.921
2020-06-20,301.347,301.36,301.36,301.36,17.571,17.992,17.129,17.542
2020-06-24,301.32,301.33,301.35,301.34,21.088,19.129,17.542,18.771
2020-07-01,301.29,301.283,301.29,301.3,17.375,16.713,15.9,17.454
2020-07-06,301.32,301.32,301.32,301.32,13.567,18.796,17.658,15.271
2020-07-12,301.31,301.32,301.32,301.32,14.55,13.479,14.858,16.888
2020-07-18,301.293,301.3,301.3,301.31,17.967,16.929,14.417,15.471
2020-07-23,301.26,301.27,301.27,301.28,16.842,14.725,15.021,16.588
2020-07-30,301.22,301.23,301.24,301.25,18.238,16.746,18.842,13.7
2020-08-03,301.18,301.19,301.197,301.21,17.117,19.271,21.546,22.408
2020-08-11,301.09,301.1,301.11,301.12,25.7,25.475,24.779,25.342
2020-08-14,301.05,301.06,301.073,301.09,22.563,24.083,24.413,25.7
2020-08-23,301.003,301.02,301.03,301.03,17.092,20.508,23.996,23.442
2020-08-25,300.99,301.0,301.003,301.02,16.45,15.671,17.092,20.508
2020-09-04,300.92,300.91,300.92,300.93,17.125,12.383,13.863,14.2
2020-09-05,300.93,300.92,300.91,300.92,13.65,17.125,12.383,13.863
2020-09-16,300.843,300.85,300.86,300.87,19.529,20.054,19.092,15.438
2020-09-27,300.79,300.76,300.76,300.76,9.667,9.029,10.842,15.146
2020-09-28,300.79,300.79,300.76,300.76,10.029,9.667,9.029,10.842
2020-10-08,300.82,300.79,300.77,300.76,11.025,10.538,10.871,10.121
2020-10-10,300.88,300.86,300.82,300.79,9.029,10.983,11.025,10.538
2020-10-19,300.88,300.883,300.89,300.89,8.254,7.608,6.996,7.138
2020-10-22,300.89,300.89,300.88,300.88,14.829,13.296,9.708,8.254
2020-10-30,301.053,301.0,300.973,300.96,11.746,9.204,10.246,9.058
2020-11-03,301.33,301.24,301.18,301.12,8.713,15.325,13.175,12.213
2020-11-10,301.627,301.61,301.58,301.55,8.571,10.325,8.717,7.883
2020-11-15,301.69,301.687,301.67,301.66,11.825,11.758,7.658,8.667
2020-11-21,301.8,301.79,301.77,301.75,3.6,2.888,7.467,10.458
2020-11-27,301.94,301.917,301.89,301.87,3.083,5.758,4.321,5.1
2020-12-02,301.92,301.92,301.91,301.93,2.917,2.975,-1.613,-0.975
2020-12-09,302.19,302.13,302.07,302.03,0.667,1.008,1.971,1.55
2020-12-13,302.387,302.34,302.293,302.24,5.313,4.608,1.329,-0.667
2020-12-21,302.667,302.62,302.58,302.527,6.321,7.8,7.983,5.625
2020-12-24,303.05,302.85,302.737,302.667,4.867,10.096,10.421,6.321
2021-01-02,304.39,304.31,304.207,304.08,1.421,1.017,1.246,2.088
2021-01-04,304.52,304.46,304.39,304.31,0.158,0.817,1.421,1.017
2021-01-14,305.31,305.06,304.78,304.8,-0.408,1.271,2.517,-0.158
2021-01-15,305.473,305.31,305.06,304.78,-0.9,-0.408,1.271,2.517
2021-01-26,306.77,306.69,306.59,306.46,0.975,-0.846,0.042,1.346
2021-02-06,308.15,307.95,307.71,307.54,3.958,5.033,5.204,7.771
2021-02-07,308.327,308.15,307.95,307.71,-1.604,3.958,5.033,5.204
2021-02-17,307.593,307.677,307.787,307.9,5.946,4.154,-0.054,-3.092
2021-02-19,307.527,307.553,307.593,307.677,5.221,5.967,5.946,4.154
2021-02-28,306.99,306.99,306.99,307.1,5.333,4.333,6.542,9.758
2021-03-03,306.98,306.98,306.99,306.99,6.425,5.717,2.913,5.333
2021-03-11,306.99,306.97,306.96,306.947,7.338,4.788,2.171,1.879
2021-03-15,307.26,307.113,307.023,307.027,3.975,3.163,4.304,5.138
2021-03-22,307.22,307.29,307.357,307.4,3.829,4.383,2.204,2.417
2021-03-27,306.95,306.94,306.93,307.033,5.179,8.738,7.196,6.417
2021-04-02,306.95,306.957,306.96,306.96,5.117,12.313,13.621,11.454
2021-04-08,306.95,306.94,306.93,306.923,2.321,0.421,0.504,2.0
2021-04-13,307.41,307.25,307.08,306.98,2.95,2.067,5.029,6.583
2021-04-20,307.213,307.29,307.353,307.42,9.342,9.083,7.8,5.825
2021-04-24,307.053,307.057,307.053,307.14,6.446,6.554,5.888,10.642
2021-05-02,306.97,306.99,307.0,307.01,6.479,8.767,6.679,9.883
2021-05-05,306.93,306.933,306.95,306.97,5.346,8.563,7.321,6.479
2021-05-14,306.81,306.83,306.84,306.85,12.438,12.708,12.15,13.033
2021-05-16,306.78,306.79,306.81,306.83,10.525,9.813,12.438,12.708
2021-05-26,306.95,306.89,306.86,306.83,9.271,8.342,11.867,10.513
2021-05-27,307.023,306.95,306.89,306.86,9.121,9.271,8.342,11.867
2021-06-07,306.86,306.873,306.893,306.903,15.388,14.338,17.204,20.088
2021-06-18,306.82,306.82,306.82,306.83,26.063,25.875,22.338,19.275
2021-06-19,306.82,306.82,306.82,306.82,24.933,26.063,25.875,22.338
2021-06-29,307.99,307.94,307.88,307.78,19.946,21.683,20.492,18.496
2021-07-01,307.85,307.937,307.99,307.94,12.913,15.913,19.946,21.683
2021-07-10,307.433,307.487,307.53,307.58,17.867,16.567,17.083,17.821
2021-07-13,307.24,307.307,307.373,307.433,18.746,19.2,17.25,17.867
2021-07-21,307.62,307.827,308.02,308.173,16.654,15.913,16.821,19.658
2021-07-25,306.62,306.88,307.133,307.377,19.55,17.983,18.371,18.096
2021-08-01,306.39,306.39,306.38,306.38,16.033,16.529,18.042,16.854
2021-08-06,306.39,306.39,306.39,306.39,16.804,16.283,15.833,13.208
2021-08-12,306.39,306.393,306.39,306.38,18.925,17.775,16.304,15.129
2021-08-18,306.37,306.36,306.367,306.37,,12.013,15.088,18.925
2021-08-23,306.343,306.35,306.36,306.36,15.467,17.275,17.55,15.92
2021-08-30,306.37,306.34,306.317,306.31,15.279,13.904,13.925,13.196
2021-09-03,306.45,306.44,306.42,306.4,16.971,14.717,13.779,14.863
2021-09-11,306.47,306.47,306.47,306.47,18.025,18.775,19.029,18.325
2021-09-23,306.38,306.39,306.4,306.41,14.233,11.679,11.408,12.275
2021-09-25,306.36,306.37,306.38,306.39,15.558,15.246,14.233,11.679
2021-10-05,306.3,306.3,306.283,306.28,11.588,11.408,14.954,13.371
2021-10-06,306.3,306.3,306.3,306.283,10.371,11.588,11.408,14.954
2021-10-17,306.42,306.47,306.373,306.44,6.4,5.929,9.508,10.425
2021-10-29,306.67,306.703,306.68,306.63,11.925,10.65,11.488,10.988
2021-11-08,306.88,306.75,306.87,306.877,7.221,7.967,7.446,7.129
2021-11-10,306.93,306.94,306.88,306.75,3.929,5.942,7.221,7.967
2021-11-19,306.923,306.973,306.96,306.98,8.85,7.117,5.358,4.442
2021-11-22,307.0,306.913,306.94,306.923,2.588,5.942,8.238,8.85
2021-11-30,306.95,307.0,306.95,306.86,4.867,0.813,1.046,1.55
2021-12-04,307.88,307.85,307.617,307.13,2.783,1.292,2.096,6.196
2021-12-11,307.88,307.88,307.88,307.88,0.579,1.567,1.217,2.867
2021-12-16,306.743,306.79,306.85,307.88,6.821,6.975,6.075,6.879
2021-12-22,306.36,306.403,306.48,306.557,-2.567,-2.867,1.963,4.808
2021-12-28,306.28,306.29,306.327,306.38,7.054,4.646,0.783,0.304
2022-01-02,306.86,306.823,306.71,306.543,9.2,10.483,10.854,11.146
2022-01-09,307.32,307.397,307.43,307.357,2.679,1.396,1.417,1.988
2022-01-13,307.49,307.463,307.383,307.29,0.983,0.979,-1.054,1.088
2022-01-21,307.28,307.25,307.297,307.397,1.779,1.863,2.146,4.875
2022-01-24,307.07,307.103,307.11,307.28,2.833,3.663,3.713,1.779
2022-02-02,307.247,307.07,306.9,306.99,5.083,3.554,2.675,3.613
2022-02-04,307.433,307.42,307.247,307.07,4.842,5.45,5.083,3.554
2022-02-14,307.597,307.703,307.81,307.957,7.1,3.713,0.188,2.133
2022-02-15,307.46,307.597,307.703,307.81,5.346,7.1,3.713,0.188
2022-02-26,306.64,306.68,306.687,306.94,1.813,1.688,5.692,5.304
2022-03-09,306.367,306.373,306.377,306.37,4.804,3.792,1.967,0.908
2022-03-10,306.36,306.367,306.373,306.377,5.654,4.804,3.792,1.967
2022-03-20,306.19,306.21,306.24,306.257,6.542,6.35,5.983,6.967
2022-03-22,306.17,306.17,306.19,306.21,9.371,9.258,6.542,6.35
2022-03-31,306.18,306.177,306.18,306.18,4.021,7.354,7.975,10.879
2022-04-03,306.22,306.21,306.18,306.18,1.354,-0.25,-0.283,4.021
2022-04-11,307.083,307.23,307.29,307.183,7.296,4.317,4.529,5.417
2022-04-15,306.96,307.0,307.03,307.04,7.921,13.704,14.492,13.608
2022-04-22,306.78,306.77,306.76,306.767,10.575,9.758,10.288,10.521
2022-04-27,306.827,306.82,306.8,306.79,10.121,8.817,8.371,11.292
2022-05-03,306.81,306.817,306.82,306.82,12.083,11.842,8.975,8.875
2022-05-09,306.773,306.78,306.79,306.79,15.354,12.725,13.046,13.096
2022-05-14,306.72,306.73,306.75,306.76,14.946,13.513,15.238,19.896
2022-05-21,306.7,306.69,306.69,306.7,14.033,17.425,20.054,21.417
2022-05-25,306.69,306.69,306.68,306.69,14.479,13.483,17.658,15.196
2022-06-02,306.64,306.65,306.66,306.66,12.779,12.175,11.096,10.125
2022-06-05,306.607,306.62,306.63,306.64,16.767,18.046,16.646,12.779
2022-06-14,306.54,306.55,306.57,306.58,14.896,14.196,17.775,19.35
2022-06-26,306.363,306.38,306.4,306.41,17.646,20.342,20.213,22.608
2022-06-27,306.35,306.363,306.38,306.4,15.788,17.646,20.342,20.213
2022-07-08,306.057,306.083,306.11,306.143,16.642,15.604,15.863,17.317
2022-07-19,305.72,305.75,305.79,305.82,25.967,22.358,17.888,16.446
2022-07-20,305.69,305.72,305.75,305.79,24.583,25.967,22.358,17.888
2022-07-30,305.45,305.46,305.48,305.5,19.708,19.192,17.338,15.533
2022-08-01,305.44,305.44,305.45,305.46,19.596,20.1,19.708,19.192
2022-08-10,305.32,305.34,305.35,305.37,21.45,20.075,18.321,16.763
2022-08-13,305.277,305.29,305.31,305.32,22.55,22.267,22.279,21.45
2022-08-21,305.123,305.147,305.18,305.2,18.379,19.142,19.763,18.204
2022-08-25,304.997,305.03,305.06,305.09,23.646,23.488,22.625,20.513
